عدد التصاريح من نسك,نوع التصريح,الجنس,اليوم
10815,روضة رجال,ذكر,1444/1/3
10591,روضة نساء,أنثى,1444/2/4
73039,عمرة,ذكر,1444/1/7
8092,روضة رجال,ذكر,1444/1/16
14544,روضة نساء,أنثى,1444/3/12
5051,روضة رجال,ذكر,1444/1/10
33656,عمرة,ذكر,1444/1/12
11990,عمرة,أنثى,1444/3/12
24554,عمرة,ذكر,1444/1/29
23393,عمرة,أنثى,1444/4/10
10363,عمرة,أنثى,1444/3/2
9999,روضة نساء,أنثى,1444/3/8
15516,روضة رجال,ذكر,1444/4/19
53566,عمرة,ذكر,1444/1/6
10342,عمرة,أنثى,1444/2/9
15664,عمرة,ذكر,1444/2/9
13369,روضة رجال,ذكر,1444/2/21
8517,روضة نساء,أنثى,1444/2/16
24655,عمرة,ذكر,1444/4/21
14015,روضة نساء,أنثى,1444/5/12
14224,روضة رجال,ذكر,1444/4/20
4712,روضة نساء,أنثى,1444/1/14
23828,عمرة,أنثى,1444/4/24
25120,عمرة,أنثى,1444/5/23
20369,عمرة,أنثى,1444/5/8
24597,عمرة,ذكر,1444/5/5
15495,روضة رجال,ذكر,1444/4/26
7939,روضة رجال,ذكر,1444/4/13
10622,روضة رجال,ذكر,1444/2/19
18747,روضة نساء,أنثى,1444/6/5
39920,عمرة,ذكر,1444/6/5
14590,روضة نساء,أنثى,1444/4/28
14506,روضة نساء,أنثى,1444/4/8
11546,روضة نساء,أنثى,1444/3/16
13370,روضة رجال,ذكر,1444/3/4
18759,روضة نساء,أنثى,1444/6/21
11830,روضة نساء,أنثى,1444/3/4
8842,روضة رجال,ذكر,1444/2/3
10645,روضة رجال,ذكر,1444/3/8
21836,عمرة,أنثى,1444/5/7
16804,روضة رجال,ذكر,1444/5/23
21696,عمرة,ذكر,1444/4/6
28476,عمرة,ذكر,1444/1/24
28147,عمرة,ذكر,1444/5/2
13111,روضة نساء,أنثى,1444/4/1
18710,روضة نساء,أنثى,1444/5/28
17977,عمرة,ذكر,1444/5/10
14022,روضة نساء,أنثى,1444/6/6
19623,عمرة,ذكر,1444/5/18
18523,روضة نساء,أنثى,1444/5/21
15664,روضة نساء,أنثى,1444/4/19
12042,عمرة,أنثى,1444/2/1
15959,عمرة,أنثى,1444/2/12
27854,عمرة,ذكر,1444/1/25
21260,عمرة,أنثى,1444/7/2
16866,روضة رجال,ذكر,1444/5/10
15198,عمرة,أنثى,1444/4/5
12114,روضة رجال,ذكر,1444/2/29
24390,عمرة,أنثى,1444/6/26
24643,عمرة,ذكر,1444/6/25
24154,عمرة,ذكر,1444/7/7
9869,روضة نساء,أنثى,1444/3/1
11141,روضة نساء,أنثى,1444/1/29
10378,روضة رجال,ذكر,1444/3/1
25874,عمرة,أنثى,1444/4/29
35907,عمرة,أنثى,1444/8/15
31734,عمرة,أنثى,1444/7/12
22087,عمرة,أنثى,1444/4/9
21849,عمرة,أنثى,1444/6/23
22129,عمرة,أنثى,1444/2/6
18740,روضة نساء,أنثى,1444/7/4
14802,روضة رجال,ذكر,1444/5/26
27235,عمرة,أنثى,1444/8/20
13491,عمرة,ذكر,1444/3/28
34538,عمرة,ذكر,1444/6/7
13652,روضة رجال,ذكر,1444/6/27
9274,عمرة,أنثى,1444/3/27
47029,عمرة,ذكر,1444/8/11
24686,عمرة,ذكر,1444/6/24
18627,روضة نساء,أنثى,1444/6/14
33098,عمرة,أنثى,1444/8/2
12854,روضة نساء,أنثى,1444/5/8
16282,روضة نساء,أنثى,1444/9/4
29816,عمرة,ذكر,1444/4/29
16319,روضة نساء,أنثى,1444/8/26
16665,روضة رجال,ذكر,1444/5/28
97372,عمرة,أنثى,1444/9/7
19082,عمرة,ذكر,1444/5/13
16599,روضة رجال,ذكر,1444/6/2
17550,روضة نساء,أنثى,1444/8/1
125226,عمرة,ذكر,1444/9/1
29837,عمرة,أنثى,1444/8/9
16144,روضة رجال,ذكر,1444/7/23
34422,عمرة,أنثى,1444/8/24
23695,عمرة,ذكر,1444/7/21
30990,عمرة,أنثى,1444/7/3
13947,روضة رجال,ذكر,1444/6/6
51376,عمرة,ذكر,1444/8/30
49790,عمرة,ذكر,1444/7/5
36356,عمرة,ذكر,1444/8/26
14726,عمرة,أنثى,1444/6/15
14035,روضة نساء,أنثى,1444/7/12
28317,عمرة,ذكر,1444/5/23
16656,روضة رجال,ذكر,1444/7/16
30572,عمرة,ذكر,1444/8/9
28969,عمرة,ذكر,1444/7/13
17511,روضة نساء,أنثى,1444/8/17
102691,عمرة,أنثى,1444/9/9
94901,عمرة,أنثى,1444/9/11
13750,روضة رجال,ذكر,1444/7/26
22862,عمرة,ذكر,1444/6/18
15807,روضة رجال,ذكر,1444/9/15
13530,عمرة,أنثى,1444/10/17
15261,روضة نساء,أنثى,1444/10/17
14802,روضة نساء,أنثى,1444/5/26
15859,روضة رجال,ذكر,1444/9/18
27268,عمرة,أنثى,1444/10/8
15859,روضة رجال,ذكر,1444/9/17
31780,عمرة,أنثى,1444/10/1
110768,عمرة,ذكر,1444/10/2
8977,روضة نساء,أنثى,1444/11/6
8782,روضة رجال,ذكر,1444/12/5
17773,روضة نساء,أنثى,1444/10/7
16709,روضة نساء,أنثى,1444/9/3
18607,عمرة,ذكر,1444/10/18
56454,عمرة,ذكر,1444/10/5
17350,روضة نساء,أنثى,1444/11/22
16859,روضة نساء,أنثى,1444/9/10
13474,روضة نساء,أنثى,1444/9/22
15467,عمرة,أنثى,1444/10/19
17054,روضة رجال,ذكر,1444/10/17
74717,عمرة,ذكر,1444/10/3
12152,عمرة,أنثى,1444/11/1
18249,روضة رجال,ذكر,1444/10/14
14179,روضة رجال,ذكر,1444/11/20
18099,روضة رجال,ذكر,1444/12/16
11761,روضة رجال,ذكر,1444/10/28
18159,روضة نساء,أنثى,1444/12/27
17387,روضة نساء,أنثى,1444/11/23
17569,روضة نساء,أنثى,1444/11/24
18092,روضة رجال,ذكر,1444/12/24
18124,روضة رجال,ذكر,1444/12/2
7375,روضة نساء,أنثى,1444/11/1
1296,عمرة,أنثى,1444/12/2
15288,روضة رجال,ذكر,1444/10/8
18152,روضة نساء,أنثى,1444/12/21
12664,روضة نساء,أنثى,1444/11/20
12232,روضة رجال,ذكر,1444/11/5
16563,روضة رجال,ذكر,1444/11/19
18102,روضة رجال,ذكر,1444/12/28
13039,روضة نساء,أنثى,1444/10/8
31446,عمرة,أنثى,1444/10/3
18119,روضة رجال,ذكر,1444/12/1
8413,روضة نساء,أنثى,1444/2/11
15350,عمرة,ذكر,1444/2/15
8346,روضة رجال,ذكر,1444/2/10
15364,عمرة,ذكر,1444/2/8
51898,عمرة,ذكر,1444/2/20
14941,روضة رجال,ذكر,1444/4/10
10999,روضة نساء,أنثى,1444/2/14
8846,روضة رجال,ذكر,1444/1/19
9139,عمرة,أنثى,1444/3/7
16810,روضة نساء,أنثى,1444/8/7
10640,روضة نساء,أنثى,1444/10/25
16821,روضة نساء,أنثى,1444/11/21
1659,عمرة,ذكر,1444/12/4
31677,عمرة,أنثى,1444/1/20
14808,روضة رجال,ذكر,1444/5/20
37054,عمرة,ذكر,1444/11/5
238,عمرة,أنثى,1444/12/17
297,عمرة,ذكر,1444/12/17
1434,عمرة,أنثى,1444/12/5
6104,عمرة,أنثى,1444/12/27
76,عمرة,أنثى,1444/11/22
18866,عمرة,أنثى,1444/11/15
23852,عمرة,أنثى,1444/1/9
3422,روضة نساء,أنثى,1444/12/13
230,عمرة,أنثى,1444/11/19
73,عمرة,أنثى,1444/12/16
142,عمرة,أنثى,1444/12/18
104,عمرة,أنثى,1444/12/12
11625,روضة رجال,ذكر,1444/12/12
9419,عمرة,ذكر,1444/12/23
10690,عمرة,ذكر,1444/12/21
64,عمرة,أنثى,1444/12/14
11206,روضة نساء,أنثى,1444/12/12
32,عمرة,أنثى,1444/11/23
24693,عمرة,أنثى,1444/1/1
13316,روضة رجال,ذكر,1444/12/9
9537,روضة رجال,ذكر,1444/12/8
41,روضة نساء,ذكر,1444/1/13
41,روضة نساء,ذكر,1444/6/25
2,روضة نساء,ذكر,1444/7/23
5,روضة نساء,ذكر,1444/6/4
17,روضة نساء,ذكر,1444/5/14
27,روضة نساء,ذكر,1444/5/9
24,روضة نساء,ذكر,1444/9/15
30,روضة نساء,ذكر,1444/9/26
6,روضة نساء,ذكر,1444/10/20
7,روضة نساء,ذكر,1444/9/22
6,روضة نساء,ذكر,1444/10/29
3,روضة نساء,ذكر,1444/8/21
26,روضة نساء,ذكر,1444/9/17
14,روضة نساء,ذكر,1444/5/11
8,روضة نساء,ذكر,1444/9/6
4,روضة نساء,ذكر,1444/10/7
4,روضة نساء,ذكر,1444/6/8
4,روضة نساء,ذكر,1444/10/23
4,روضة نساء,ذكر,1444/8/25
3,روضة نساء,ذكر,1444/12/11
1,روضة نساء,ذكر,1444/1/29
2,روضة نساء,ذكر,1444/6/9
2,روضة نساء,ذكر,1444/6/29
2,روضة رجال,أنثى,1444/1/8
5,روضة رجال,أنثى,1444/1/14
1,روضة رجال,أنثى,1444/4/1
1,روضة رجال,أنثى,1444/10/5
1,روضة رجال,أنثى,1444/10/6
1,روضة رجال,أنثى,1444/4/25
1,روضة رجال,أنثى,1444/7/20
1,روضة رجال,أنثى,1444/1/6
4686,روضة نساء,أنثى,1444/1/7
11278,روضة رجال,ذكر,1444/1/4
9877,روضة رجال,ذكر,1444/2/1
11362,عمرة,أنثى,1444/2/11
20931,عمرة,أنثى,1444/2/20
15824,عمرة,ذكر,1444/2/22
33349,عمرة,ذكر,1444/2/12
12576,روضة نساء,أنثى,1444/1/22
26197,عمرة,أنثى,1444/4/17
14674,عمرة,ذكر,1444/3/2
20832,عمرة,أنثى,1444/4/22
10397,روضة رجال,ذكر,1444/2/8
13569,روضة نساء,أنثى,1444/3/20
14222,روضة رجال,ذكر,1444/4/15
18720,عمرة,ذكر,1444/5/11
15386,روضة نساء,أنثى,1444/4/14
44450,عمرة,ذكر,1444/4/17
10696,روضة نساء,أنثى,1444/3/14
38134,عمرة,ذكر,1444/5/15
14972,روضة نساء,أنثى,1444/5/19
17771,عمرة,أنثى,1444/6/8
38046,عمرة,ذكر,1444/3/11
16262,روضة نساء,أنثى,1444/4/25
29049,عمرة,ذكر,1444/6/3
25998,عمرة,أنثى,1444/5/3
15924,روضة رجال,ذكر,1444/5/14
15169,روضة نساء,أنثى,1444/3/19
16723,روضة رجال,ذكر,1444/6/5
29684,عمرة,أنثى,1444/5/29
32519,عمرة,ذكر,1444/6/4
12838,روضة نساء,أنثى,1444/5/1
31460,عمرة,أنثى,1444/1/15
11542,روضة نساء,أنثى,1444/1/25
16207,روضة رجال,ذكر,1444/6/3
14261,روضة رجال,ذكر,1444/4/28
12515,عمرة,أنثى,1444/3/24
15224,روضة رجال,ذكر,1444/6/16
17972,عمرة,أنثى,1444/4/7
16754,روضة رجال,ذكر,1444/5/5
23505,عمرة,أنثى,1444/6/13
14655,عمرة,ذكر,1444/3/21
17718,عمرة,أنثى,1444/6/16
17532,روضة نساء,أنثى,1444/4/30
27707,عمرة,ذكر,1444/5/6
13628,عمرة,أنثى,1444/2/28
18002,عمرة,أنثى,1444/5/11
16581,روضة رجال,ذكر,1444/6/19
13944,روضة رجال,ذكر,1444/4/21
14462,روضة رجال,ذكر,1444/5/19
42395,عمرة,ذكر,1444/5/1
18711,روضة نساء,أنثى,1444/6/26
12172,روضة رجال,ذكر,1444/3/23
18293,عمرة,أنثى,1444/6/11
17713,روضة نساء,أنثى,1444/6/29
12700,عمرة,ذكر,1444/3/6
11293,روضة رجال,ذكر,1444/3/9
21421,عمرة,ذكر,1444/5/24
15384,روضة رجال,ذكر,1444/3/26
26603,عمرة,أنثى,1444/5/6
18674,روضة نساء,أنثى,1444/6/19
24684,عمرة,ذكر,1444/6/29
13771,روضة نساء,أنثى,1444/5/11
14427,عمرة,ذكر,1444/2/30
39544,عمرة,ذكر,1444/4/16
54327,عمرة,ذكر,1444/6/20
23570,عمرة,ذكر,1444/4/25
20224,عمرة,ذكر,1444/6/11
20860,عمرة,ذكر,1444/6/16
16624,روضة رجال,ذكر,1444/6/26
15649,روضة نساء,أنثى,1444/4/2
14013,روضة نساء,أنثى,1444/6/27
35852,عمرة,أنثى,1444/7/4
26112,عمرة,أنثى,1444/2/25
16586,روضة رجال,ذكر,1444/8/7
16784,روضة رجال,ذكر,1444/6/1
18464,روضة نساء,أنثى,1444/6/1
18663,روضة نساء,أنثى,1444/7/9
16640,روضة رجال,ذكر,1444/7/7
17565,روضة نساء,أنثى,1444/8/2
39936,عمرة,ذكر,1444/8/3
17280,روضة نساء,أنثى,1444/5/27
26168,عمرة,أنثى,1444/7/15
17569,روضة نساء,أنثى,1444/5/2
24878,عمرة,أنثى,1444/5/4
14612,روضة نساء,أنثى,1444/4/4
28738,عمرة,أنثى,1444/7/9
23371,عمرة,أنثى,1444/8/5
34975,عمرة,ذكر,1444/6/12
13213,روضة رجال,ذكر,1444/4/3
16645,روضة رجال,ذكر,1444/8/2
31323,عمرة,أنثى,1444/4/30
29633,عمرة,أنثى,1444/8/10
17862,عمرة,ذكر,1444/5/12
26506,عمرة,ذكر,1444/7/17
29447,عمرة,ذكر,1444/6/22
21870,عمرة,ذكر,1444/8/1
30107,عمرة,ذكر,1444/7/6
10656,عمرة,أنثى,1444/3/21
33556,عمرة,ذكر,1444/8/12
18369,روضة نساء,أنثى,1444/7/8
12837,روضة نساء,أنثى,1444/7/19
12846,روضة نساء,أنثى,1444/7/26
145520,عمرة,ذكر,1444/9/16
32813,عمرة,ذكر,1444/8/13
15844,عمرة,أنثى,1444/5/17
24778,عمرة,أنثى,1444/7/10
12190,روضة نساء,أنثى,1444/9/16
13668,روضة رجال,ذكر,1444/8/4
99967,عمرة,أنثى,1444/9/17
16923,روضة نساء,أنثى,1444/9/7
16635,روضة رجال,ذكر,1444/7/14
92900,عمرة,أنثى,1444/9/6
98045,عمرة,أنثى,1444/9/15
20782,عمرة,أنثى,1444/8/4
16840,روضة نساء,أنثى,1444/9/15
141180,عمرة,ذكر,1444/9/25
97631,عمرة,أنثى,1444/9/19
17566,روضة نساء,أنثى,1444/8/15
18339,روضة رجال,ذكر,1444/10/11
154649,عمرة,ذكر,1444/9/26
16350,روضة نساء,أنثى,1444/8/28
10395,روضة نساء,أنثى,1444/9/28
18113,روضة رجال,ذكر,1444/12/3
30971,عمرة,أنثى,1444/10/6
53443,عمرة,ذكر,1444/10/6
12012,روضة رجال,ذكر,1444/10/25
25928,عمرة,أنثى,1444/10/10
14325,عمرة,أنثى,1444/10/11
18119,روضة رجال,ذكر,1444/11/26
17690,روضة نساء,أنثى,1444/10/10
17510,روضة نساء,أنثى,1444/8/5
18097,روضة رجال,ذكر,1444/12/30
18086,روضة رجال,ذكر,1444/12/22
18145,روضة نساء,أنثى,1444/12/25
15949,روضة نساء,أنثى,1444/11/12
17713,روضة نساء,أنثى,1444/11/29
18093,روضة رجال,ذكر,1444/12/17
21431,عمرة,ذكر,1444/10/24
17208,عمرة,أنثى,1444/10/26
34729,عمرة,ذكر,1444/10/9
9032,روضة نساء,أنثى,1444/10/24
10122,روضة رجال,ذكر,1444/1/1
25674,عمرة,أنثى,1444/1/28
11676,عمرة,أنثى,1444/2/23
12122,روضة رجال,ذكر,1444/2/13
31178,عمرة,أنثى,1444/1/21
12831,روضة رجال,ذكر,1444/4/17
6931,عمرة,ذكر,1444/1/18
9416,روضة نساء,أنثى,1444/2/2
13103,روضة رجال,ذكر,1444/3/18
18990,عمرة,ذكر,1444/10/19
76907,عمرة,ذكر,1444/10/29
16914,روضة رجال,ذكر,1444/11/25
10096,روضة نساء,أنثى,1444/10/30
573,عمرة,أنثى,1444/11/28
4626,روضة نساء,أنثى,1444/1/10
31151,عمرة,أنثى,1444/1/14
4521,روضة نساء,أنثى,1444/1/21
68274,عمرة,ذكر,1444/1/21
30220,عمرة,أنثى,1444/1/13
9997,روضة رجال,ذكر,1444/1/24
27892,عمرة,ذكر,1444/3/3
481,عمرة,أنثى,1444/11/20
12950,روضة رجال,ذكر,1444/1/7
10376,عمرة,أنثى,1444/2/17
462,عمرة,ذكر,1444/11/27
1359,عمرة,ذكر,1444/12/2
35609,عمرة,ذكر,1444/1/10
1143,عمرة,ذكر,1444/11/26
38267,عمرة,ذكر,1444/11/14
92,عمرة,ذكر,1444/12/14
34400,عمرة,ذكر,1444/1/2
35471,عمرة,ذكر,1444/11/7
105,عمرة,ذكر,1444/12/13
307,عمرة,ذكر,1444/11/23
16948,روضة نساء,أنثى,1444/12/11
32673,عمرة,ذكر,1444/1/1
9346,روضة رجال,ذكر,1444/12/11
7,روضة نساء,ذكر,1444/6/10
9,روضة نساء,ذكر,1444/5/2
28,روضة نساء,ذكر,1444/4/26
5,روضة نساء,ذكر,1444/5/25
29,روضة نساء,ذكر,1444/9/19
35,روضة نساء,ذكر,1444/9/27
26,روضة نساء,ذكر,1444/7/26
11,روضة نساء,ذكر,1444/9/24
6,روضة نساء,ذكر,1444/5/21
33,روضة نساء,ذكر,1444/5/7
2,روضة نساء,ذكر,1444/2/10
7,روضة نساء,ذكر,1444/6/26
13,روضة نساء,ذكر,1444/11/7
2,روضة نساء,ذكر,1444/7/2
7,روضة نساء,ذكر,1444/6/16
14,روضة نساء,ذكر,1444/5/23
3,روضة نساء,ذكر,1444/7/28
2,روضة نساء,ذكر,1444/11/5
12,روضة نساء,ذكر,1444/4/18
10,روضة نساء,ذكر,1444/6/12
5,روضة نساء,ذكر,1444/8/4
4,روضة نساء,ذكر,1444/4/30
4,روضة نساء,ذكر,1444/11/3
8,روضة نساء,ذكر,1444/9/10
2,روضة نساء,ذكر,1444/9/9
16,روضة نساء,ذكر,1444/8/3
2,روضة نساء,ذكر,1444/1/2
3,روضة نساء,ذكر,1444/2/26
1,روضة نساء,ذكر,1444/4/8
1,روضة نساء,ذكر,1444/2/12
1,روضة نساء,ذكر,1444/12/27
1,روضة رجال,أنثى,1444/1/26
1,روضة رجال,أنثى,1444/11/7
1,روضة رجال,أنثى,1444/5/20
1,روضة رجال,أنثى,1444/4/28
1,روضة رجال,أنثى,1444/2/26
1,روضة نساء,ذكر,1444/3/14
1,روضة رجال,أنثى,1444/4/15
1,روضة نساء,ذكر,1444/11/15
1,روضة رجال,أنثى,1444/6/22
2,روضة رجال,أنثى,1444/7/25
1,روضة رجال,أنثى,1444/7/21
10501,روضة رجال,ذكر,1444/2/12
5829,روضة نساء,أنثى,1444/2/13
9383,روضة رجال,ذكر,1444/2/4
10683,روضة نساء,أنثى,1444/3/15
10083,روضة رجال,ذكر,1444/2/18
12667,روضة رجال,ذكر,1444/2/25
11615,روضة رجال,ذكر,1444/3/16
12052,روضة رجال,ذكر,1444/1/22
11769,روضة نساء,أنثى,1444/3/21
15331,روضة نساء,أنثى,1444/4/11
22283,عمرة,أنثى,1444/2/27
10407,روضة نساء,أنثى,1444/2/24
12563,عمرة,ذكر,1444/3/9
12812,روضة رجال,ذكر,1444/4/24
20313,عمرة,أنثى,1444/4/6
18959,عمرة,ذكر,1444/4/7
12853,روضة نساء,أنثى,1444/4/17
55832,عمرة,ذكر,1444/2/13
14144,روضة رجال,ذكر,1444/4/14
31905,عمرة,أنثى,1444/2/26
8479,روضة نساء,أنثى,1444/2/10
19352,عمرة,أنثى,1444/4/8
18999,عمرة,ذكر,1444/4/19
23952,عمرة,ذكر,1444/4/12
10051,روضة رجال,ذكر,1444/2/23
11774,روضة رجال,ذكر,1444/3/22
10052,روضة نساء,أنثى,1444/1/26
22978,عمرة,أنثى,1444/4/23
16793,روضة رجال,ذكر,1444/5/6
17441,روضة نساء,أنثى,1444/5/14
21118,عمرة,ذكر,1444/4/14
9044,روضة رجال,ذكر,1444/1/28
17280,عمرة,أنثى,1444/1/29
8077,روضة رجال,ذكر,1444/1/15
12243,روضة نساء,أنثى,1444/2/21
14648,روضة نساء,أنثى,1444/5/17
18341,عمرة,ذكر,1444/6/15
4483,روضة نساء,أنثى,1444/1/9
34699,عمرة,ذكر,1444/5/21
30994,عمرة,أنثى,1444/6/4
26239,عمرة,ذكر,1444/3/10
18735,روضة نساء,أنثى,1444/6/23
4683,روضة نساء,أنثى,1444/1/28
10675,روضة رجال,ذكر,1444/1/27
32157,عمرة,ذكر,1444/2/25
21188,عمرة,ذكر,1444/2/14
30422,عمرة,أنثى,1444/6/27
16618,روضة رجال,ذكر,1444/6/28
35567,عمرة,ذكر,1444/6/19
18110,روضة نساء,أنثى,1444/7/3
18388,عمرة,ذكر,1444/6/9
21649,عمرة,أنثى,1444/6/25
20485,عمرة,أنثى,1444/4/18
16944,روضة نساء,أنثى,1444/8/8
27364,عمرة,ذكر,1444/7/24
38358,عمرة,أنثى,1444/7/29
19515,عمرة,أنثى,1444/4/14
19570,عمرة,أنثى,1444/8/6
16615,روضة رجال,ذكر,1444/7/9
26703,عمرة,أنثى,1444/7/6
16672,روضة رجال,ذكر,1444/6/29
19249,عمرة,أنثى,1444/8/1
17400,روضة نساء,أنثى,1444/6/15
18089,روضة نساء,أنثى,1444/6/3
25119,عمرة,أنثى,1444/7/16
16576,روضة رجال,ذكر,1444/6/21
17262,عمرة,ذكر,1444/3/20
52390,عمرة,ذكر,1444/7/19
16971,روضة نساء,أنثى,1444/8/6
15757,روضة رجال,ذكر,1444/6/11
23958,عمرة,أنثى,1444/6/19
15776,روضة نساء,أنثى,1444/8/21
16480,روضة رجال,ذكر,1444/6/4
30095,عمرة,أنثى,1444/8/28
18055,روضة رجال,ذكر,1444/8/16
17069,روضة نساء,أنثى,1444/7/24
12600,روضة رجال,ذكر,1444/4/7
46681,عمرة,ذكر,1444/7/26
40208,عمرة,ذكر,1444/8/17
24628,عمرة,أنثى,1444/7/27
26428,عمرة,ذكر,1444/8/27
26930,عمرة,أنثى,1444/6/6
15835,روضة رجال,ذكر,1444/6/8
16657,روضة رجال,ذكر,1444/8/6
12144,روضة نساء,أنثى,1444/8/30
17441,روضة نساء,أنثى,1444/7/27
37292,عمرة,أنثى,1444/8/23
16094,روضة رجال,ذكر,1444/9/4
17534,روضة نساء,أنثى,1444/8/12
128903,عمرة,ذكر,1444/9/10
16395,روضة رجال,ذكر,1444/6/22
90161,عمرة,أنثى,1444/9/4
12934,روضة رجال,ذكر,1444/2/27
23311,عمرة,ذكر,1444/7/22
84646,عمرة,أنثى,1444/9/29
18753,روضة نساء,أنثى,1444/7/11
14331,روضة رجال,ذكر,1444/4/2
117700,عمرة,ذكر,1444/9/6
16101,روضة رجال,ذكر,1444/9/3
15849,روضة رجال,ذكر,1444/9/19
16884,روضة نساء,أنثى,1444/9/19
133284,عمرة,ذكر,1444/9/17
17767,روضة نساء,أنثى,1444/10/6
12907,روضة رجال,ذكر,1444/10/27
46295,عمرة,ذكر,1444/10/30
113894,عمرة,ذكر,1444/9/4
131706,عمرة,ذكر,1444/9/11
13955,روضة رجال,ذكر,1444/8/18
18223,عمرة,ذكر,1444/10/11
18034,روضة رجال,ذكر,1444/8/19
91439,عمرة,أنثى,1444/9/18
13998,روضة رجال,ذكر,1444/10/22
18928,عمرة,ذكر,1444/10/13
14561,عمرة,أنثى,1444/10/13
15538,روضة نساء,أنثى,1444/10/21
140550,عمرة,ذكر,1444/9/24
5616,روضة نساء,أنثى,1444/12/5
23392,عمرة,أنثى,1444/10/16
22677,عمرة,ذكر,1444/10/20
16943,روضة نساء,أنثى,1444/9/20
22024,عمرة,أنثى,1444/10/21
10668,روضة رجال,ذكر,1444/11/4
17943,روضة نساء,أنثى,1444/11/28
11886,روضة نساء,أنثى,1444/11/27
12763,روضة رجال,ذكر,1444/9/25
18493,روضة رجال,ذكر,1444/10/5
17920,روضة نساء,أنثى,1444/12/1
14708,روضة رجال,ذكر,1444/10/20
16908,روضة رجال,ذكر,1444/11/22
13117,روضة رجال,ذكر,1444/11/6
36392,عمرة,ذكر,1444/10/21
14170,روضة نساء,أنثى,1444/10/20
16629,روضة رجال,ذكر,1444/11/15
15888,روضة رجال,ذكر,1444/9/14
29559,عمرة,أنثى,1444/10/5
16509,روضة رجال,ذكر,1444/11/10
7718,روضة نساء,أنثى,1444/11/4
15550,روضة نساء,أنثى,1444/11/17
18331,عمرة,ذكر,1444/10/12
16220,روضة نساء,أنثى,1444/11/16
16206,روضة نساء,أنثى,1444/12/30
8504,روضة رجال,ذكر,1444/11/1
43182,عمرة,ذكر,1444/1/15
32102,عمرة,ذكر,1444/1/9
24922,عمرة,أنثى,1444/1/24
6622,روضة رجال,ذكر,1444/1/12
36981,عمرة,ذكر,1444/1/16
15859,عمرة,أنثى,1444/3/25
13199,عمرة,ذكر,1444/3/14
10942,روضة نساء,أنثى,1444/1/4
25613,عمرة,ذكر,1444/3/24
13056,روضة رجال,ذكر,1444/11/13
9283,روضة نساء,أنثى,1444/11/5
18139,روضة رجال,ذكر,1444/11/29
18149,روضة نساء,أنثى,1444/12/16
8660,روضة نساء,أنثى,1444/12/26
15508,روضة رجال,ذكر,1444/11/7
725,عمرة,ذكر,1444/11/21
9567,روضة نساء,أنثى,1444/1/18
12901,عمرة,أنثى,1444/3/10
16752,عمرة,أنثى,1444/2/24
509,عمرة,ذكر,1444/11/24
74,عمرة,أنثى,1444/12/13
1123,عمرة,ذكر,1444/12/6
28436,عمرة,أنثى,1444/1/11
948,عمرة,أنثى,1444/12/6
5761,روضة نساء,أنثى,1444/12/6
125,عمرة,أنثى,1444/12/20
6716,روضة رجال,ذكر,1444/12/7
851,عمرة,أنثى,1444/12/7
8186,روضة نساء,أنثى,1444/12/7
201,عمرة,أنثى,1444/11/18
296,عمرة,ذكر,1444/11/16
8804,روضة نساء,أنثى,1444/12/9
11726,عمرة,ذكر,1444/12/26
13936,عمرة,ذكر,1444/12/24
36,روضة نساء,ذكر,1444/3/10
8,روضة نساء,ذكر,1444/8/17
16,روضة نساء,ذكر,1444/4/23
16,روضة نساء,ذكر,1444/5/18
35,روضة نساء,ذكر,1444/5/16
10,روضة نساء,ذكر,1444/6/18
3,روضة نساء,ذكر,1444/7/16
21,روضة نساء,ذكر,1444/1/27
6,روضة نساء,ذكر,1444/9/29
13,روضة نساء,ذكر,1444/9/14
10,روضة نساء,ذكر,1444/2/19
8,روضة نساء,ذكر,1444/7/12
18,روضة نساء,ذكر,1444/9/23
5,روضة نساء,ذكر,1444/7/21
1,روضة نساء,ذكر,1444/8/6
3,روضة نساء,ذكر,1444/5/22
4,روضة نساء,ذكر,1444/8/13
5,روضة نساء,ذكر,1444/11/4
4,روضة نساء,ذكر,1444/9/13
1,روضة نساء,ذكر,1444/4/6
2,روضة نساء,ذكر,1444/7/8
1,روضة نساء,ذكر,1444/7/1
2,روضة نساء,ذكر,1444/8/15
4,روضة نساء,ذكر,1444/8/22
2,روضة نساء,ذكر,1444/9/1
2,روضة نساء,ذكر,1444/8/26
1,روضة نساء,ذكر,1444/2/18
1,روضة نساء,ذكر,1444/11/6
2,روضة نساء,ذكر,1444/1/24
3,روضة رجال,أنثى,1444/1/29
1,روضة رجال,أنثى,1444/1/19
2,روضة رجال,أنثى,1444/1/21
1,روضة رجال,أنثى,1444/10/26
1,روضة رجال,أنثى,1444/8/1
1,روضة رجال,أنثى,1444/3/22
2,روضة رجال,أنثى,1444/10/30
2,روضة رجال,أنثى,1444/1/15
1,روضة رجال,أنثى,1444/5/21
1,روضة رجال,أنثى,1444/6/6
2,روضة رجال,أنثى,1444/1/17
1,روضة نساء,ذكر,1444/7/18
1,روضة رجال,أنثى,1444/10/17
1,روضة رجال,أنثى,1444/5/17
1,روضة رجال,أنثى,1444/2/1
1,روضة نساء,ذكر,1444/4/9
1,روضة رجال,أنثى,1444/8/5
1,روضة رجال,أنثى,1444/8/17
1,روضة رجال,أنثى,1444/8/19
1,روضة رجال,أنثى,1444/6/28
1,روضة رجال,أنثى,1444/6/12
23932,عمرة,أنثى,1444/1/23
18266,عمرة,ذكر,1444/2/2
11946,روضة نساء,أنثى,1444/2/26
16469,عمرة,ذكر,1444/2/11
29753,عمرة,أنثى,1444/1/12
11116,روضة نساء,أنثى,1444/1/27
9041,روضة نساء,أنثى,1444/1/2
8850,روضة نساء,أنثى,1444/2/8
21878,عمرة,أنثى,1444/2/13
9167,عمرة,أنثى,1444/3/9
16087,روضة نساء,أنثى,1444/4/15
12377,روضة نساء,أنثى,1444/3/10
18669,عمرة,أنثى,1444/3/4
9394,روضة نساء,أنثى,1444/1/1
8034,عمرة,أنثى,1444/3/6
34221,عمرة,ذكر,1444/4/23
15695,روضة رجال,ذكر,1444/4/18
33035,عمرة,ذكر,1444/4/9
17617,روضة نساء,أنثى,1444/5/7
16510,روضة نساء,أنثى,1444/4/29
21194,عمرة,أنثى,1444/5/16
10216,روضة نساء,أنثى,1444/3/7
12463,روضة نساء,أنثى,1444/3/26
6656,روضة نساء,أنثى,1444/1/11
24866,عمرة,ذكر,1444/5/4
10787,روضة نساء,أنثى,1444/1/24
13523,روضة نساء,أنثى,1444/5/25
26364,عمرة,ذكر,1444/6/2
27620,عمرة,ذكر,1444/1/23
23062,عمرة,ذكر,1444/5/16
24855,عمرة,ذكر,1444/6/23
14111,روضة رجال,ذكر,1444/3/27
16840,روضة رجال,ذكر,1444/5/3
14092,روضة نساء,أنثى,1444/4/21
15442,روضة رجال,ذكر,1444/5/21
17848,عمرة,أنثى,1444/4/19
23280,عمرة,أنثى,1444/1/27
22516,عمرة,ذكر,1444/4/13
20161,عمرة,أنثى,1444/6/17
13695,روضة رجال,ذكر,1444/7/12
18093,روضة نساء,أنثى,1444/6/2
12975,روضة رجال,ذكر,1444/3/11
14493,عمرة,أنثى,1444/4/2
15281,روضة نساء,أنثى,1444/6/16
18676,روضة نساء,أنثى,1444/6/12
10187,روضة رجال,ذكر,1444/2/30
49547,عمرة,ذكر,1444/6/27
10044,عمرة,أنثى,1444/3/1
16856,روضة رجال,ذكر,1444/5/7
19331,عمرة,أنثى,1444/5/20
13048,روضة نساء,أنثى,1444/3/29
16090,روضة رجال,ذكر,1444/4/4
19688,عمرة,أنثى,1444/4/20
15183,روضة نساء,أنثى,1444/4/22
14833,روضة رجال,ذكر,1444/4/23
16645,روضة رجال,ذكر,1444/6/12
14227,روضة رجال,ذكر,1444/4/27
20218,عمرة,ذكر,1444/5/19
25213,عمرة,ذكر,1444/7/10
16652,روضة رجال,ذكر,1444/8/5
15496,روضة نساء,أنثى,1444/5/4
26861,عمرة,ذكر,1444/7/15
37827,عمرة,ذكر,1444/7/29
16548,روضة رجال,ذكر,1444/8/8
26700,عمرة,ذكر,1444/5/27
11421,روضة نساء,أنثى,1444/3/9
28750,عمرة,أنثى,1444/5/22
17006,عمرة,ذكر,1444/5/17
23359,عمرة,ذكر,1444/7/2
12980,عمرة,ذكر,1444/3/23
36823,عمرة,ذكر,1444/6/26
27931,عمرة,ذكر,1444/7/20
15320,روضة نساء,أنثى,1444/3/24
29168,عمرة,ذكر,1444/7/9
27425,عمرة,أنثى,1444/7/25
12846,روضة نساء,أنثى,1444/5/15
16374,روضة نساء,أنثى,1444/8/24
30203,عمرة,أنثى,1444/8/11
17038,روضة نساء,أنثى,1444/7/17
22719,عمرة,أنثى,1444/7/21
98107,عمرة,أنثى,1444/9/8
17711,عمرة,أنثى,1444/5/14
42324,عمرة,ذكر,1444/6/13
10609,عمرة,أنثى,1444/4/1
16006,روضة رجال,ذكر,1444/9/6
21199,عمرة,ذكر,1444/7/1
18284,عمرة,ذكر,1444/4/4
21261,عمرة,ذكر,1444/5/9
140609,عمرة,ذكر,1444/9/20
16733,روضة نساء,أنثى,1444/7/22
13761,روضة رجال,ذكر,1444/6/13
28309,عمرة,ذكر,1444/8/21
14033,روضة نساء,أنثى,1444/5/29
34731,عمرة,أنثى,1444/7/19
20305,عمرة,أنثى,1444/7/23
85051,عمرة,أنثى,1444/9/16
131681,عمرة,ذكر,1444/9/13
12338,روضة رجال,ذكر,1444/3/28
32576,عمرة,أنثى,1444/8/29
87844,عمرة,أنثى,1444/9/5
13856,روضة رجال,ذكر,1444/8/25
16641,روضة رجال,ذكر,1444/6/14
135653,عمرة,ذكر,1444/9/2
16161,روضة رجال,ذكر,1444/6/25
28963,عمرة,ذكر,1444/8/20
35864,عمرة,ذكر,1444/7/25
16200,روضة نساء,أنثى,1444/8/23
128913,عمرة,ذكر,1444/9/14
97140,عمرة,أنثى,1444/9/21
16985,روضة رجال,ذكر,1444/9/22
17745,روضة نساء,أنثى,1444/10/14
12256,روضة نساء,أنثى,1444/9/9
121538,عمرة,ذكر,1444/10/1
15858,روضة نساء,أنثى,1444/8/13
33849,عمرة,ذكر,1444/10/14
11886,روضة نساء,أنثى,1444/12/19
17639,روضة نساء,أنثى,1444/10/13
141844,عمرة,ذكر,1444/9/21
14953,عمرة,ذكر,1444/3/16
14043,روضة نساء,أنثى,1444/6/13
26780,عمرة,أنثى,1444/10/22
8349,روضة نساء,أنثى,1444/9/29
18156,روضة رجال,ذكر,1444/10/16
14002,عمرة,أنثى,1444/10/18
18041,روضة رجال,ذكر,1444/11/28
17578,روضة رجال,ذكر,1444/8/28
23413,عمرة,أنثى,1444/10/15
22327,عمرة,أنثى,1444/11/8
16576,روضة رجال,ذكر,1444/11/18
2430,عمرة,أنثى,1444/12/1
16430,روضة رجال,ذكر,1444/11/9
16385,روضة نساء,أنثى,1444/11/14
14783,روضة نساء,أنثى,1444/11/8
18090,روضة رجال,ذكر,1444/12/29
13348,روضة نساء,أنثى,1444/9/24
16768,روضة نساء,أنثى,1444/12/28
14115,روضة رجال,ذكر,1444/12/19
58307,عمرة,ذكر,1444/10/7
18358,روضة رجال,ذكر,1444/10/9
16436,روضة نساء,أنثى,1444/11/11
16834,روضة نساء,أنثى,1444/9/12
18358,روضة رجال,ذكر,1444/10/7
18151,روضة نساء,أنثى,1444/12/22
13191,عمرة,أنثى,1444/2/4
16111,روضة رجال,ذكر,1444/3/19
28434,عمرة,ذكر,1444/3/17
10632,روضة رجال,ذكر,1444/1/14
12644,روضة رجال,ذكر,1444/3/10
12486,عمرة,أنثى,1444/3/26
16054,عمرة,ذكر,1444/2/16
2513,عمرة,ذكر,1444/11/25
13227,روضة نساء,أنثى,1444/11/7
10276,روضة رجال,ذكر,1444/11/16
8347,عمرة,أنثى,1444/1/17
13839,عمرة,ذكر,1444/3/7
10236,روضة رجال,ذكر,1444/3/6
14300,عمرة,ذكر,1444/3/1
38134,عمرة,ذكر,1444/11/13
17320,عمرة,أنثى,1444/11/11
15095,روضة رجال,ذكر,1444/10/15
36775,عمرة,ذكر,1444/3/25
21247,عمرة,ذكر,1444/11/1
43959,عمرة,ذكر,1444/3/4
21244,عمرة,ذكر,1444/11/2
6538,عمرة,أنثى,1444/1/18
373,عمرة,أنثى,1444/11/27
51,عمرة,ذكر,1444/12/9
141,عمرة,ذكر,1444/11/22
19,روضة نساء,ذكر,1444/7/15
9,روضة نساء,ذكر,1444/9/7
8,روضة نساء,ذكر,1444/5/19
4,روضة نساء,ذكر,1444/8/14
74,روضة نساء,ذكر,1444/2/30
5,روضة نساء,ذكر,1444/9/20
12,روضة نساء,ذكر,1444/12/15
11,روضة نساء,ذكر,1444/9/8
22,روضة نساء,ذكر,1444/5/17
17,روضة نساء,ذكر,1444/8/18
1,روضة نساء,ذكر,1444/12/14
18,روضة نساء,ذكر,1444/9/18
1,روضة نساء,ذكر,1444/12/4
4,روضة نساء,ذكر,1444/1/28
18,روضة نساء,ذكر,1444/5/8
5,روضة نساء,ذكر,1444/5/24
6,روضة نساء,ذكر,1444/12/19
9,روضة نساء,ذكر,1444/10/21
3,روضة نساء,ذكر,1444/4/2
1,روضة نساء,ذكر,1444/1/11
1,روضة نساء,ذكر,1444/4/5
1,روضة نساء,ذكر,1444/2/4
1,روضة نساء,ذكر,1444/11/1
2,روضة نساء,ذكر,1444/2/28
1,روضة نساء,ذكر,1444/7/24
2,روضة رجال,أنثى,1444/4/14
1,روضة رجال,أنثى,1444/7/3
2,روضة رجال,أنثى,1444/7/1
1,روضة رجال,أنثى,1444/8/25
1,روضة رجال,أنثى,1444/3/4
1,روضة رجال,أنثى,1444/4/18
1,روضة رجال,أنثى,1444/8/22
1,روضة رجال,أنثى,1444/1/11
1,روضة رجال,أنثى,1444/2/15
1,روضة رجال,أنثى,1444/2/11
1,روضة رجال,أنثى,1444/1/24
7151,روضة نساء,أنثى,1444/1/13
5330,روضة رجال,ذكر,1444/1/9
10238,عمرة,أنثى,1444/2/15
9405,روضة نساء,أنثى,1444/2/3
10705,روضة نساء,أنثى,1444/2/19
8565,روضة نساء,أنثى,1444/2/9
12600,عمرة,أنثى,1444/2/3
9921,روضة نساء,أنثى,1444/1/5
14082,عمرة,أنثى,1444/2/7
9280,روضة رجال,ذكر,1444/1/26
9989,روضة رجال,ذكر,1444/1/25
12175,روضة رجال,ذكر,1444/3/21
21730,عمرة,أنثى,1444/4/11
23374,عمرة,أنثى,1444/4/12
27477,عمرة,أنثى,1444/1/6
11326,روضة نساء,أنثى,1444/1/3
10252,روضة نساء,أنثى,1444/2/30
11435,روضة نساء,أنثى,1444/3/18
31930,عمرة,ذكر,1444/2/5
10112,عمرة,أنثى,1444/2/8
11000,روضة نساء,أنثى,1444/2/29
22707,عمرة,أنثى,1444/1/26
14977,روضة نساء,أنثى,1444/5/10
16951,عمرة,ذكر,1444/3/26
17448,روضة نساء,أنثى,1444/5/9
47395,عمرة,أنثى,1444/1/19
20234,عمرة,أنثى,1444/4/25
26766,عمرة,أنثى,1444/6/22
24408,عمرة,ذكر,1444/4/18
10813,عمرة,أنثى,1444/2/22
30142,عمرة,ذكر,1444/5/7
17456,روضة نساء,أنثى,1444/5/16
15007,روضة نساء,أنثى,1444/4/27
17576,روضة نساء,أنثى,1444/6/10
12774,روضة نساء,أنثى,1444/4/6
17651,روضة نساء,أنثى,1444/6/17
13278,عمرة,ذكر,1444/3/15
11484,روضة رجال,ذكر,1444/3/15
16201,روضة رجال,ذكر,1444/6/10
41991,عمرة,ذكر,1444/6/6
12788,روضة نساء,أنثى,1444/3/23
16277,روضة نساء,أنثى,1444/5/6
15248,روضة رجال,ذكر,1444/6/18
18689,روضة نساء,أنثى,1444/6/28
9858,روضة نساء,أنثى,1444/3/6
12751,روضة نساء,أنثى,1444/4/7
18175,عمرة,أنثى,1444/5/19
33652,عمرة,ذكر,1444/5/28
13940,روضة رجال,ذكر,1444/5/8
17105,عمرة,أنثى,1444/5/13
26953,عمرة,أنثى,1444/8/7
29818,عمرة,أنثى,1444/6/7
21256,عمرة,ذكر,1444/4/20
10562,روضة نساء,أنثى,1444/3/2
18727,روضة نساء,أنثى,1444/7/6
16398,روضة نساء,أنثى,1444/4/9
26714,عمرة,أنثى,1444/6/21
24457,عمرة,ذكر,1444/7/14
13397,روضة رجال,ذكر,1444/2/26
38912,عمرة,ذكر,1444/8/15
18653,روضة نساء,أنثى,1444/7/13
16347,روضة رجال,ذكر,1444/6/23
38173,عمرة,ذكر,1444/7/11
22921,عمرة,أنثى,1444/6/1
16531,روضة رجال,ذكر,1444/8/10
15270,روضة رجال,ذكر,1444/5/13
36067,عمرة,ذكر,1444/5/8
11274,روضة نساء,أنثى,1444/4/3
23962,عمرة,أنثى,1444/7/14
13396,روضة رجال,ذكر,1444/4/5
18678,روضة نساء,أنثى,1444/6/24
21325,عمرة,أنثى,1444/7/28
24191,عمرة,أنثى,1444/6/12
11686,روضة نساء,أنثى,1444/8/25
16603,روضة رجال,ذكر,1444/7/4
25731,عمرة,أنثى,1444/7/13
31595,عمرة,أنثى,1444/7/5
21872,عمرة,أنثى,1444/5/15
16670,روضة رجال,ذكر,1444/7/20
15461,روضة رجال,ذكر,1444/5/12
33509,عمرة,أنثى,1444/8/26
46414,عمرة,أنثى,1444/8/30
36943,عمرة,ذكر,1444/8/4
13758,عمرة,ذكر,1444/4/1
25490,عمرة,ذكر,1444/7/16
16194,عمرة,ذكر,1444/2/10
28998,عمرة,أنثى,1444/7/18
16927,روضة نساء,أنثى,1444/7/16
16734,روضة رجال,ذكر,1444/5/27
29794,عمرة,أنثى,1444/8/22
12162,روضة رجال,ذكر,1444/9/2
16011,روضة نساء,أنثى,1444/9/1
80608,عمرة,أنثى,1444/9/26
16072,روضة رجال,ذكر,1444/9/7
15018,عمرة,أنثى,1444/6/9
17483,روضة نساء,أنثى,1444/7/18
17157,روضة نساء,أنثى,1444/7/15
93930,عمرة,أنثى,1444/9/12
34879,عمرة,أنثى,1444/8/19
13675,روضة رجال,ذكر,1444/7/5
17908,روضة رجال,ذكر,1444/8/26
16881,روضة رجال,ذكر,1444/8/22
16627,روضة رجال,ذكر,1444/8/1
16610,روضة رجال,ذكر,1444/6/15
25153,عمرة,أنثى,1444/8/3
28445,عمرة,أنثى,1444/7/26
16915,روضة نساء,أنثى,1444/9/18
17753,روضة نساء,أنثى,1444/10/4
12127,روضة رجال,ذكر,1444/9/9
155233,عمرة,ذكر,1444/9/29
145427,عمرة,ذكر,1444/9/22
16089,روضة رجال,ذكر,1444/9/5
139441,عمرة,ذكر,1444/9/15
9697,روضة رجال,ذكر,1444/10/18
17702,روضة نساء,أنثى,1444/10/12
16320,روضة رجال,ذكر,1444/10/23
51339,عمرة,ذكر,1444/10/8
52477,عمرة,ذكر,1444/10/22
45798,عمرة,ذكر,1444/10/15
12726,روضة نساء,أنثى,1444/9/25
13935,روضة رجال,ذكر,1444/9/23
16215,روضة رجال,ذكر,1444/11/14
15327,روضة رجال,ذكر,1444/12/15
18173,روضة نساء,أنثى,1444/12/24
188,عمرة,أنثى,1444/11/16
16268,روضة نساء,أنثى,1444/12/29
20234,عمرة,أنثى,1444/10/27
18088,روضة رجال,ذكر,1444/12/23
11853,روضة رجال,ذكر,1444/10/30
7825,روضة رجال,ذكر,1444/11/2
11481,روضة رجال,ذكر,1444/1/29
7612,روضة نساء,أنثى,1444/1/15
10736,روضة نساء,أنثى,1444/1/8
61884,عمرة,ذكر,1444/1/28
10597,روضة رجال,ذكر,1444/1/2
70061,عمرة,ذكر,1444/2/26
31917,عمرة,أنثى,1444/1/16
13397,روضة رجال,ذكر,1444/3/25
13938,روضة رجال,ذكر,1444/5/22
9883,عمرة,أنثى,1444/2/29
16104,روضة نساء,أنثى,1444/8/27
13732,عمرة,أنثى,1444/4/4
16332,عمرة,أنثى,1444/10/24
16612,روضة رجال,ذكر,1444/11/17
18101,عمرة,ذكر,1444/10/17
12290,عمرة,أنثى,1444/11/2
587,عمرة,ذكر,1444/11/28
778,عمرة,أنثى,1444/11/21
10029,روضة نساء,أنثى,1444/1/17
11428,روضة رجال,ذكر,1444/3/29
9365,روضة رجال,ذكر,1444/2/16
21691,عمرة,ذكر,1444/11/3
8060,روضة رجال,ذكر,1444/12/6
21505,عمرة,أنثى,1444/11/5
10993,روضة رجال,ذكر,1444/1/5
30422,عمرة,ذكر,1444/11/11
6357,روضة نساء,أنثى,1444/1/12
13222,عمرة,أنثى,1444/11/3
8712,عمرة,ذكر,1444/1/17
30617,عمرة,أنثى,1444/1/7
1208,عمرة,أنثى,1444/11/26
36188,عمرة,ذكر,1444/11/12
133,عمرة,ذكر,1444/11/17
445,عمرة,أنثى,1444/12/8
9352,عمرة,ذكر,1444/12/30
90,عمرة,أنثى,1444/12/15
200,عمرة,ذكر,1444/12/18
6095,عمرة,أنثى,1444/12/29
9102,عمرة,ذكر,1444/12/22
28275,عمرة,أنثى,1444/1/3
7974,عمرة,أنثى,1444/12/24
6365,عمرة,أنثى,1444/12/26
24,روضة نساء,ذكر,1444/7/27
6,روضة نساء,ذكر,1444/8/20
7,روضة نساء,ذكر,1444/7/10
15,روضة نساء,ذكر,1444/5/5
5,روضة نساء,ذكر,1444/3/23
18,روضة نساء,ذكر,1444/5/15
14,روضة نساء,ذكر,1444/12/17
7,روضة نساء,ذكر,1444/7/22
5,روضة نساء,ذكر,1444/10/27
26,روضة نساء,ذكر,1444/7/25
4,روضة نساء,ذكر,1444/8/23
10,روضة نساء,ذكر,1444/1/7
4,روضة نساء,ذكر,1444/5/30
6,روضة نساء,ذكر,1444/12/8
12,روضة نساء,ذكر,1444/8/19
1,روضة نساء,ذكر,1444/10/5
12,روضة نساء,ذكر,1444/10/28
5,روضة نساء,ذكر,1444/1/21
8,روضة نساء,ذكر,1444/1/14
3,روضة نساء,ذكر,1444/4/24
4,روضة نساء,ذكر,1444/10/30
13,روضة نساء,ذكر,1444/5/3
5,روضة نساء,ذكر,1444/2/17
1,روضة نساء,ذكر,1444/2/20
1,روضة نساء,ذكر,1444/2/16
1,روضة نساء,ذكر,1444/12/26
4,روضة نساء,ذكر,1444/6/19
3,روضة نساء,ذكر,1444/2/29
2,روضة نساء,ذكر,1444/12/16
1,روضة نساء,ذكر,1444/8/8
1,روضة نساء,ذكر,1444/8/9
1,روضة رجال,أنثى,1444/5/24
1,روضة رجال,أنثى,1444/5/12
1,روضة رجال,أنثى,1444/4/26
1,روضة رجال,أنثى,1444/9/9
1,روضة رجال,أنثى,1444/4/2
3,روضة رجال,أنثى,1444/5/22
1,روضة رجال,أنثى,1444/5/26
2,روضة رجال,أنثى,1444/1/12
2,روضة رجال,أنثى,1444/7/26
1,روضة رجال,أنثى,1444/8/16
1,روضة رجال,أنثى,1444/11/13
1,روضة نساء,ذكر,1444/3/28
2,روضة رجال,أنثى,1444/8/15
1,روضة رجال,أنثى,1444/10/16
1,روضة رجال,أنثى,1444/10/23
12197,روضة رجال,ذكر,1444/2/7
14033,روضة رجال,ذكر,1444/3/5
9157,روضة نساء,أنثى,1444/1/16
11247,روضة نساء,أنثى,1444/1/20
17352,عمرة,ذكر,1444/3/12
11692,روضة نساء,أنثى,1444/3/25
22546,عمرة,أنثى,1444/4/15
22321,عمرة,ذكر,1444/4/28
8544,عمرة,أنثى,1444/3/13
57321,عمرة,ذكر,1444/2/6
11835,روضة نساء,أنثى,1444/3/22
25504,عمرة,أنثى,1444/3/18
12903,روضة رجال,ذكر,1444/4/8
15701,روضة رجال,ذكر,1444/4/30
10589,روضة نساء,أنثى,1444/1/23
12218,عمرة,ذكر,1444/3/27
43179,عمرة,ذكر,1444/4/10
26914,عمرة,ذكر,1444/4/11
15336,روضة رجال,ذكر,1444/4/11
19692,عمرة,أنثى,1444/3/19
8395,روضة رجال,ذكر,1444/1/18
9818,روضة نساء,أنثى,1444/2/15
12020,روضة رجال,ذكر,1444/2/22
14587,عمرة,أنثى,1444/2/19
15145,عمرة,أنثى,1444/2/5
12591,روضة رجال,ذكر,1444/2/20
16334,عمرة,ذكر,1444/2/23
24501,عمرة,ذكر,1444/4/15
12273,روضة رجال,ذكر,1444/1/6
12762,روضة نساء,أنثى,1444/4/24
15195,روضة رجال,ذكر,1444/4/12
22639,عمرة,أنثى,1444/4/21
13999,عمرة,ذكر,1444/2/29
11076,روضة نساء,أنثى,1444/2/25
23225,عمرة,أنثى,1444/5/27
53383,عمرة,ذكر,1444/1/19
15441,روضة رجال,ذكر,1444/4/16
12963,روضة نساء,أنثى,1444/3/17
24823,عمرة,أنثى,1444/4/27
12781,روضة رجال,ذكر,1444/5/1
17398,عمرة,أنثى,1444/5/9
21422,عمرة,أنثى,1444/5/25
26267,عمرة,ذكر,1444/4/26
23938,عمرة,أنثى,1444/6/2
32695,عمرة,ذكر,1444/5/30
16082,عمرة,أنثى,1444/6/10
16648,روضة نساء,أنثى,1444/4/18
16127,روضة نساء,أنثى,1444/4/13
11853,روضة رجال,ذكر,1444/3/3
16784,روضة رجال,ذكر,1444/6/7
15722,روضة رجال,ذكر,1444/4/25
13702,روضة نساء,أنثى,1444/4/5
16557,روضة نساء,أنثى,1444/6/8
13097,روضة نساء,أنثى,1444/2/28
7989,روضة رجال,ذكر,1444/3/14
15410,روضة رجال,ذكر,1444/5/17
36976,عمرة,ذكر,1444/4/30
12801,روضة رجال,ذكر,1444/3/17
18684,روضة نساء,أنثى,1444/6/7
15130,روضة رجال,ذكر,1444/6/17
14278,روضة نساء,أنثى,1444/5/18
26713,عمرة,ذكر,1444/8/7
11422,روضة نساء,أنثى,1444/3/11
16619,روضة رجال,ذكر,1444/7/8
20466,عمرة,ذكر,1444/2/28
30626,عمرة,أنثى,1444/6/20
16042,روضة نساء,أنثى,1444/4/26
12929,روضة رجال,ذكر,1444/4/6
14362,روضة رجال,ذكر,1444/4/29
21369,عمرة,ذكر,1444/4/8
16701,روضة رجال,ذكر,1444/7/27
17349,روضة نساء,أنثى,1444/7/29
16742,روضة رجال,ذكر,1444/5/16
9706,عمرة,أنثى,1444/3/8
13875,روضة رجال,ذكر,1444/5/15
16490,عمرة,أنثى,1444/5/12
18061,روضة رجال,ذكر,1444/8/13
18119,روضة رجال,ذكر,1444/8/17
28550,عمرة,ذكر,1444/7/27
31634,عمرة,أنثى,1444/7/8
42892,عمرة,ذكر,1444/7/4
16558,روضة رجال,ذكر,1444/7/28
37576,عمرة,ذكر,1444/8/19
15828,روضة نساء,أنثى,1444/8/22
42715,عمرة,ذكر,1444/8/24
27296,عمرة,أنثى,1444/5/2
17009,روضة رجال,ذكر,1444/5/30
25815,عمرة,أنثى,1444/7/24
18187,عمرة,أنثى,1444/7/1
24914,عمرة,أنثى,1444/7/20
17526,روضة نساء,أنثى,1444/7/20
16191,روضة نساء,أنثى,1444/9/5
23068,عمرة,ذكر,1444/7/28
106098,عمرة,أنثى,1444/9/10
141487,عمرة,ذكر,1444/9/19
15733,روضة رجال,ذكر,1444/5/2
15842,روضة رجال,ذكر,1444/9/11
17448,روضة نساء,أنثى,1444/8/3
118060,عمرة,ذكر,1444/9/7
13723,روضة رجال,ذكر,1444/7/19
15984,روضة رجال,ذكر,1444/7/24
16737,روضة نساء,أنثى,1444/7/23
18010,روضة رجال,ذكر,1444/8/15
9656,روضة رجال,ذكر,1444/8/14
100942,عمرة,أنثى,1444/9/13
88544,عمرة,أنثى,1444/9/22
105432,عمرة,أنثى,1444/9/14
17258,روضة رجال,ذكر,1444/8/23
16968,روضة نساء,أنثى,1444/9/11
16910,روضة رجال,ذكر,1444/8/29
15316,روضة رجال,ذكر,1444/11/27
11918,روضة نساء,أنثى,1444/10/22
35023,عمرة,أنثى,1444/10/2
16562,روضة نساء,أنثى,1444/9/6
14041,روضة نساء,أنثى,1444/7/5
133726,عمرة,ذكر,1444/9/18
154799,عمرة,ذكر,1444/9/23
25600,عمرة,ذكر,1444/10/26
18476,روضة رجال,ذكر,1444/10/4
16675,روضة رجال,ذكر,1444/8/12
13478,روضة نساء,أنثى,1444/9/21
10265,روضة نساء,أنثى,1444/10/29
32852,عمرة,ذكر,1444/10/10
17021,روضة رجال,ذكر,1444/9/21
16068,روضة نساء,أنثى,1444/11/18
15835,روضة رجال,ذكر,1444/9/12
28940,عمرة,ذكر,1444/10/16
15738,روضة نساء,أنثى,1444/11/15
18091,روضة رجال,ذكر,1444/12/18
15867,روضة رجال,ذكر,1444/9/13
10847,روضة نساء,أنثى,1444/10/27
15871,روضة رجال,ذكر,1444/11/12
17836,روضة نساء,أنثى,1444/11/25
15213,روضة نساء,أنثى,1444/12/15
20700,عمرة,أنثى,1444/10/14
15735,روضة رجال,ذكر,1444/11/8
3159,روضة نساء,أنثى,1444/12/14
18090,روضة رجال,ذكر,1444/12/25
18333,روضة رجال,ذكر,1444/10/10
28486,عمرة,أنثى,1444/10/28
18128,روضة نساء,أنثى,1444/12/18
13728,روضة نساء,أنثى,1444/11/10
6780,روضة نساء,أنثى,1444/11/2
24415,عمرة,أنثى,1444/11/7
1595,عمرة,ذكر,1444/12/5
16603,روضة رجال,ذكر,1444/11/21
17229,روضة نساء,أنثى,1444/11/26
62730,عمرة,ذكر,1444/10/4
13611,عمرة,أنثى,1444/2/14
9843,روضة نساء,أنثى,1444/4/12
5808,روضة رجال,ذكر,1444/1/11
16629,عمرة,ذكر,1444/2/18
13864,روضة نساء,أنثى,1444/4/23
17160,عمرة,ذكر,1444/2/1
8421,روضة رجال,ذكر,1444/1/21
26817,عمرة,ذكر,1444/1/26
10121,عمرة,أنثى,1444/2/30
57811,عمرة,ذكر,1444/2/27
11798,روضة رجال,ذكر,1444/2/14
25128,عمرة,ذكر,1444/4/2
13500,روضة رجال,ذكر,1444/9/24
17445,روضة نساء,أنثى,1444/6/9
24209,عمرة,أنثى,1444/10/9
769,عمرة,أنثى,1444/12/3
17154,روضة رجال,ذكر,1444/11/11
29232,عمرة,ذكر,1444/10/27
2709,عمرة,أنثى,1444/11/25
9936,روضة نساء,أنثى,1444/1/19
5815,روضة نساء,أنثى,1444/2/20
8834,عمرة,أنثى,1444/3/22
9577,روضة رجال,ذكر,1444/1/23
9031,روضة رجال,ذكر,1444/2/2
15199,عمرة,ذكر,1444/2/17
15183,عمرة,أنثى,1444/11/4
41037,عمرة,ذكر,1444/11/15
36479,عمرة,ذكر,1444/11/6
24077,عمرة,أنثى,1444/1/4
228,عمرة,ذكر,1444/11/18
21852,عمرة,أنثى,1444/11/14
522,عمرة,ذكر,1444/12/8
195,عمرة,ذكر,1444/12/20
6215,عمرة,أنثى,1444/12/21
9,روضة نساء,ذكر,1444/4/28
12,روضة نساء,ذكر,1444/6/28
6,روضة نساء,ذكر,1444/12/18
4,روضة نساء,ذكر,1444/3/25
12,روضة نساء,ذكر,1444/4/29
36,روضة نساء,ذكر,1444/8/11
2,روضة نساء,ذكر,1444/7/14
12,روضة نساء,ذكر,1444/3/18
6,روضة نساء,ذكر,1444/6/21
15,روضة نساء,ذكر,1444/5/29
13,روضة نساء,ذكر,1444/7/13
31,روضة نساء,ذكر,1444/9/16
8,روضة نساء,ذكر,1444/3/15
6,روضة نساء,ذكر,1444/3/20
19,عمرة,أنثى,1444/12/10
8,روضة نساء,ذكر,1444/5/28
4,روضة نساء,ذكر,1444/6/1
1,روضة نساء,ذكر,1444/6/17
2,روضة نساء,ذكر,1444/6/22
2,روضة نساء,ذكر,1444/3/19
2,روضة نساء,ذكر,1444/6/27
3,روضة نساء,ذكر,1444/12/13
1,روضة نساء,ذكر,1444/4/21
1,روضة نساء,ذكر,1444/4/25
1,روضة نساء,ذكر,1444/10/26
2,روضة رجال,أنثى,1444/1/22
1,روضة رجال,أنثى,1444/5/28
1,روضة نساء,ذكر,1444/10/12
1,روضة رجال,أنثى,1444/1/27
1,روضة نساء,ذكر,1444/7/9
1,روضة رجال,أنثى,1444/8/9
1,روضة رجال,أنثى,1444/1/28
1,روضة رجال,أنثى,1444/6/17
1,روضة رجال,أنثى,1444/12/13
2,روضة رجال,أنثى,1444/1/23
1,روضة رجال,أنثى,1444/8/10
12593,روضة نساء,أنثى,1444/2/7
53443,عمرة,ذكر,1444/1/13
11549,روضة رجال,ذكر,1444/1/8
9178,روضة رجال,ذكر,1444/2/6
17898,عمرة,ذكر,1444/2/3
10966,روضة نساء,أنثى,1444/2/12
10253,روضة رجال,ذكر,1444/2/24
69922,عمرة,ذكر,1444/1/14
14411,روضة رجال,ذكر,1444/3/20
14862,عمرة,أنثى,1444/3/3
10200,عمرة,أنثى,1444/2/16
23248,عمرة,أنثى,1444/1/25
12700,روضة نساء,أنثى,1444/3/28
9906,عمرة,أنثى,1444/3/29
13319,عمرة,ذكر,1444/3/29
15809,روضة نساء,أنثى,1444/5/13
10580,عمرة,أنثى,1444/3/16
13848,عمرة,أنثى,1444/3/20
9927,روضة نساء,أنثى,1444/2/18
26287,عمرة,ذكر,1444/5/14
16103,روضة رجال,ذكر,1444/3/12
20431,عمرة,ذكر,1444/2/24
26980,عمرة,أنثى,1444/6/3
36774,عمرة,ذكر,1444/1/22
20920,عمرة,ذكر,1444/2/21
16208,عمرة,أنثى,1444/3/17
41224,عمرة,ذكر,1444/1/27
41013,عمرة,ذكر,1444/4/24
14011,روضة نساء,أنثى,1444/5/22
13382,عمرة,أنثى,1444/2/21
29590,عمرة,أنثى,1444/5/30
52702,عمرة,ذكر,1444/1/20
23405,عمرة,ذكر,1444/5/25
8917,عمرة,أنثى,1444/3/14
29959,عمرة,ذكر,1444/6/28
46024,عمرة,ذكر,1444/5/29
30374,عمرة,ذكر,1444/6/21
17295,روضة نساء,أنثى,1444/5/3
16963,روضة نساء,أنثى,1444/6/18
24267,عمرة,ذكر,1444/6/17
11258,روضة نساء,أنثى,1444/3/3
10707,روضة رجال,ذكر,1444/3/2
18276,روضة نساء,أنثى,1444/6/25
25741,عمرة,ذكر,1444/5/3
17154,عمرة,أنثى,1444/5/10
14547,روضة نساء,أنثى,1444/4/20
16577,روضة نساء,أنثى,1444/4/16
15697,عمرة,أنثى,1444/4/3
18071,روضة نساء,أنثى,1444/6/11
40519,عمرة,ذكر,1444/8/8
18732,روضة نساء,أنثى,1444/6/22
13713,روضة رجال,ذكر,1444/8/11
31222,عمرة,ذكر,1444/7/3
29821,عمرة,ذكر,1444/8/22
34937,عمرة,ذكر,1444/8/29
28369,عمرة,ذكر,1444/5/26
32784,عمرة,أنثى,1444/8/16
9436,عمرة,أنثى,1444/3/23
17596,روضة نساء,أنثى,1444/8/14
18682,عمرة,أنثى,1444/6/18
24539,عمرة,أنثى,1444/5/28
22838,عمرة,أنثى,1444/6/29
15153,روضة نساء,أنثى,1444/5/5
13484,عمرة,ذكر,1444/3/8
11419,روضة نساء,أنثى,1444/2/5
25960,عمرة,ذكر,1444/6/1
26654,عمرة,أنثى,1444/5/21
12798,روضة نساء,أنثى,1444/8/4
14586,روضة رجال,ذكر,1444/5/18
43376,عمرة,أنثى,1444/8/8
41015,عمرة,أنثى,1444/8/18
143764,عمرة,ذكر,1444/9/9
39328,عمرة,أنثى,1444/8/14
17537,روضة نساء,أنثى,1444/8/10
19072,عمرة,ذكر,1444/6/10
13929,روضة رجال,ذكر,1444/3/24
16228,روضة نساء,أنثى,1444/8/20
24515,عمرة,أنثى,1444/8/27
15866,روضة رجال,ذكر,1444/7/3
16940,روضة نساء,أنثى,1444/7/21
31660,عمرة,أنثى,1444/7/11
133429,عمرة,ذكر,1444/9/8
16645,روضة رجال,ذكر,1444/8/3
38010,عمرة,ذكر,1444/8/23
32191,عمرة,أنثى,1444/8/13
16678,روضة رجال,ذكر,1444/7/13
16665,روضة رجال,ذكر,1444/7/6
16673,روضة رجال,ذكر,1444/7/29
16618,روضة رجال,ذكر,1444/7/17
21771,عمرة,ذكر,1444/7/23
19380,عمرة,أنثى,1444/5/24
21335,عمرة,أنثى,1444/6/14
51365,عمرة,ذكر,1444/7/12
17489,روضة نساء,أنثى,1444/7/25
96204,عمرة,أنثى,1444/9/3
121056,عمرة,ذكر,1444/9/3
15766,روضة نساء,أنثى,1444/7/14
7806,روضة رجال,ذكر,1444/6/9
16058,روضة رجال,ذكر,1444/9/8
13603,روضة رجال,ذكر,1444/6/20
17533,روضة نساء,أنثى,1444/8/19
16571,روضة نساء,أنثى,1444/10/18
46499,عمرة,ذكر,1444/8/2
36090,عمرة,أنثى,1444/10/30
71722,عمرة,أنثى,1444/9/23
17754,روضة نساء,أنثى,1444/10/5
80844,عمرة,أنثى,1444/9/28
17117,روضة رجال,ذكر,1444/8/27
16114,روضة رجال,ذكر,1444/9/10
15057,روضة رجال,ذكر,1444/5/25
18113,روضة رجال,ذكر,1444/12/4
18210,عمرة,أنثى,1444/10/20
15150,روضة رجال,ذكر,1444/10/19
11910,روضة نساء,أنثى,1444/9/26
15653,روضة نساء,أنثى,1444/8/29
14798,عمرة,أنثى,1444/10/12
10860,روضة رجال,ذكر,1444/10/24
17635,روضة نساء,أنثى,1444/10/16
18206,روضة رجال,ذكر,1444/9/20
16925,روضة نساء,أنثى,1444/9/13
33544,عمرة,ذكر,1444/8/16
13069,روضة نساء,أنثى,1444/10/15
11763,روضة نساء,أنثى,1444/9/27
160304,عمرة,ذكر,1444/9/27
13484,روضة رجال,ذكر,1444/12/26
22572,عمرة,ذكر,1444/11/4
29352,عمرة,أنثى,1444/10/7
16915,روضة نساء,أنثى,1444/9/14
17115,روضة رجال,ذكر,1444/11/23
20502,عمرة,أنثى,1444/10/23
9729,روضة رجال,ذكر,1444/9/28
18093,روضة رجال,ذكر,1444/12/21
26742,عمرة,ذكر,1444/10/23
17727,روضة رجال,ذكر,1444/10/13
17458,روضة نساء,أنثى,1444/10/11
18148,روضة نساء,أنثى,1444/12/3
19633,عمرة,أنثى,1444/10/25
18138,روضة نساء,أنثى,1444/12/20
9493,روضة نساء,أنثى,1444/10/28
28204,عمرة,ذكر,1444/11/9
9418,روضة نساء,أنثى,1444/10/26
13361,روضة رجال,ذكر,1444/9/27
7534,روضة نساء,أنثى,1444/9/23
17700,روضة نساء,أنثى,1444/10/9
18159,روضة نساء,أنثى,1444/12/17
17773,روضة نساء,أنثى,1444/7/1
14000,روضة نساء,أنثى,1444/11/9
18128,روضة نساء,أنثى,1444/12/2
574,عمرة,أنثى,1444/11/29
25968,عمرة,ذكر,1444/11/10
8615,روضة رجال,ذكر,1444/12/14
8176,روضة نساء,أنثى,1444/2/27
30950,عمرة,ذكر,1444/2/19
9052,روضة رجال,ذكر,1444/2/9
29030,عمرة,أنثى,1444/1/22
18124,عمرة,ذكر,1444/3/5
33982,عمرة,ذكر,1444/4/3
8438,روضة رجال,ذكر,1444/1/17
16657,روضة رجال,ذكر,1444/7/25
17486,روضة رجال,ذكر,1444/8/20
7419,روضة رجال,ذكر,1444/9/29
1974,عمرة,ذكر,1444/12/1
1686,عمرة,أنثى,1444/12/4
11552,عمرة,أنثى,1444/3/5
9567,روضة رجال,ذكر,1444/2/17
11900,روضة نساء,أنثى,1444/11/13
9185,عمرة,ذكر,1444/12/27
18345,عمرة,أنثى,1444/11/9
141,عمرة,ذكر,1444/12/11
7770,روضة رجال,ذكر,1444/12/13
892,عمرة,ذكر,1444/12/3
652,عمرة,ذكر,1444/11/20
82,عمرة,ذكر,1444/12/15
18647,عمرة,أنثى,1444/11/12
33967,عمرة,ذكر,1444/1/11
1226,عمرة,ذكر,1444/12/7
125,عمرة,أنثى,1444/11/17
8681,عمرة,ذكر,1444/12/29
5895,عمرة,أنثى,1444/12/28
24772,عمرة,أنثى,1444/1/2
15214,عمرة,ذكر,1444/12/25
11676,روضة نساء,أنثى,1444/12/8
5484,عمرة,أنثى,1444/12/23
6,روضة نساء,ذكر,1444/10/4
18,روضة نساء,ذكر,1444/6/6
1,روضة نساء,ذكر,1444/6/11
5,روضة نساء,ذكر,1444/8/29
25,روضة نساء,ذكر,1444/5/1
6,روضة نساء,ذكر,1444/2/25
8,روضة نساء,ذكر,1444/9/28
11,روضة نساء,ذكر,1444/6/13
13,روضة نساء,ذكر,1444/5/4
4,روضة نساء,ذكر,1444/4/12
3,روضة نساء,ذكر,1444/1/12
2,روضة نساء,ذكر,1444/2/7
5,روضة نساء,ذكر,1444/9/4
2,روضة نساء,ذكر,1444/3/21
3,روضة نساء,ذكر,1444/4/17
1,روضة نساء,ذكر,1444/6/20
2,روضة نساء,ذكر,1444/6/14
5,روضة نساء,ذكر,1444/9/12
3,روضة نساء,ذكر,1444/8/5
2,روضة نساء,ذكر,1444/5/27
4,روضة نساء,ذكر,1444/1/22
1,روضة نساء,ذكر,1444/7/5
1,روضة نساء,ذكر,1444/12/9
1,روضة نساء,ذكر,1444/11/27
1,روضة نساء,ذكر,1444/12/23
2,روضة نساء,ذكر,1444/1/20
3,روضة رجال,أنثى,1444/6/25
1,روضة رجال,أنثى,1444/9/8
1,روضة رجال,أنثى,1444/4/8
1,روضة نساء,ذكر,1444/11/18
3,روضة رجال,أنثى,1444/1/13
1,روضة رجال,أنثى,1444/6/27
1,روضة رجال,أنثى,1444/8/7
1,روضة رجال,أنثى,1444/8/20
1,روضة نساء,ذكر,1444/4/20
1,روضة رجال,أنثى,1444/11/27
11264,روضة نساء,أنثى,1444/2/22
11120,روضة رجال,ذكر,1444/2/15
14747,روضة رجال,ذكر,1444/2/28
42587,عمرة,ذكر,1444/1/8
12219,روضة نساء,أنثى,1444/1/6
12586,عمرة,أنثى,1444/2/2
51604,عمرة,ذكر,1444/3/18
28996,عمرة,أنثى,1444/4/16
10558,عمرة,أنثى,1444/2/10
10781,روضة نساء,أنثى,1444/3/5
10637,عمرة,أنثى,1444/3/28
13843,روضة رجال,ذكر,1444/4/9
16857,عمرة,ذكر,1444/4/5
9129,روضة نساء,أنثى,1444/2/17
13856,روضة نساء,أنثى,1444/3/27
9306,روضة رجال,ذكر,1444/2/11
11673,روضة رجال,ذكر,1444/3/13
12801,روضة رجال,ذكر,1444/4/1
20185,عمرة,ذكر,1444/6/8
11612,روضة نساء,أنثى,1444/2/1
28299,عمرة,أنثى,1444/1/8
16406,عمرة,أنثى,1444/3/11
9479,روضة نساء,أنثى,1444/2/23
16847,روضة رجال,ذكر,1444/5/9
17599,عمرة,أنثى,1444/5/18
25317,عمرة,ذكر,1444/4/27
19351,عمرة,ذكر,1444/2/4
18740,روضة نساء,أنثى,1444/5/23
21208,عمرة,ذكر,1444/5/20
28190,عمرة,أنثى,1444/6/5
11794,عمرة,ذكر,1444/3/13
9209,روضة نساء,أنثى,1444/3/13
25890,عمرة,أنثى,1444/5/26
18710,روضة نساء,أنثى,1444/5/30
23781,عمرة,أنثى,1444/5/5
10642,روضة رجال,ذكر,1444/2/5
29633,عمرة,أنثى,1444/5/1
24119,عمرة,أنثى,1444/4/26
17004,روضة نساء,أنثى,1444/8/9
22824,عمرة,ذكر,1444/4/22
26063,عمرة,أنثى,1444/7/17
22204,عمرة,أنثى,1444/6/24
16656,روضة رجال,ذكر,1444/7/11
14074,روضة رجال,ذكر,1444/4/22
7951,روضة رجال,ذكر,1444/5/11
13878,روضة رجال,ذكر,1444/5/29
12586,روضة نساء,أنثى,1444/4/10
16809,روضة رجال,ذكر,1444/5/24
16385,روضة رجال,ذكر,1444/7/1
42116,عمرة,ذكر,1444/8/14
56552,عمرة,ذكر,1444/8/18
16844,روضة رجال,ذكر,1444/5/4
15817,روضة نساء,أنثى,1444/5/24
31063,عمرة,أنثى,1444/8/12
37974,عمرة,ذكر,1444/7/18
18660,روضة نساء,أنثى,1444/7/7
21207,عمرة,أنثى,1444/4/28
18514,روضة نساء,أنثى,1444/7/10
32675,عمرة,ذكر,1444/7/8
23604,عمرة,أنثى,1444/7/7
30163,عمرة,أنثى,1444/8/17
27478,عمرة,ذكر,1444/6/14
34112,عمرة,أنثى,1444/8/25
15789,روضة رجال,ذكر,1444/7/2
12613,عمرة,ذكر,1444/3/22
16622,روضة رجال,ذكر,1444/7/18
12814,روضة نساء,أنثى,1444/8/11
15959,روضة رجال,ذكر,1444/8/9
16565,روضة رجال,ذكر,1444/6/24
32409,عمرة,ذكر,1444/8/28
15975,روضة نساء,أنثى,1444/5/20
96875,عمرة,أنثى,1444/9/20
14053,روضة نساء,أنثى,1444/6/20
115911,عمرة,ذكر,1444/9/5
11549,عمرة,أنثى,1444/2/18
17948,روضة رجال,ذكر,1444/8/24
16776,روضة رجال,ذكر,1444/8/21
27981,عمرة,أنثى,1444/8/21
25931,عمرة,أنثى,1444/6/28
15976,روضة رجال,ذكر,1444/7/10
83180,عمرة,أنثى,1444/9/1
16850,روضة نساء,أنثى,1444/9/8
20858,عمرة,أنثى,1444/4/13
49838,عمرة,ذكر,1444/8/25
20325,عمرة,ذكر,1444/8/6
37519,عمرة,ذكر,1444/8/10
16664,روضة رجال,ذكر,1444/7/21
7849,روضة رجال,ذكر,1444/7/15
79761,عمرة,أنثى,1444/9/2
17554,روضة نساء,أنثى,1444/8/16
18048,روضة نساء,أنثى,1444/7/2
131224,عمرة,ذكر,1444/9/12
21577,عمرة,أنثى,1444/7/22
10586,روضة رجال,ذكر,1444/3/7
17446,روضة رجال,ذكر,1444/8/30
26535,عمرة,ذكر,1444/8/5
12873,روضة نساء,أنثى,1444/8/18
46263,عمرة,ذكر,1444/5/22
17220,روضة نساء,أنثى,1444/7/28
18625,روضة نساء,أنثى,1444/6/4
11708,روضة رجال,ذكر,1444/9/16
14985,روضة نساء,أنثى,1444/10/23
11026,روضة رجال,ذكر,1444/10/26
13619,روضة رجال,ذكر,1444/9/26
98448,عمرة,أنثى,1444/9/24
75344,عمرة,أنثى,1444/9/27
16919,روضة نساء,أنثى,1444/9/17
90494,عمرة,أنثى,1444/9/25
16909,روضة رجال,ذكر,1444/11/24
34577,عمرة,ذكر,1444/11/8
15299,روضة نساء,أنثى,1444/10/19
16637,روضة رجال,ذكر,1444/7/22
155994,عمرة,ذكر,1444/9/28
16083,روضة رجال,ذكر,1444/9/1
18086,روضة رجال,ذكر,1444/12/27
33763,عمرة,أنثى,1444/10/29
51976,عمرة,ذكر,1444/10/28
18077,روضة رجال,ذكر,1444/12/20
25169,عمرة,ذكر,1444/10/25
13660,روضة رجال,ذكر,1444/10/29
477,عمرة,ذكر,1444/11/19
6542,روضة نساء,أنثى,1444/11/3
16735,روضة نساء,أنثى,1444/11/19
18454,روضة رجال,ذكر,1444/10/6
18377,روضة رجال,ذكر,1444/10/12
7863,روضة رجال,ذكر,1444/11/3
16500,روضة رجال,ذكر,1444/10/21
18148,روضة نساء,أنثى,1444/12/23
12141,روضة نساء,أنثى,1444/12/4
9622,روضة رجال,ذكر,1444/1/20
9624,عمرة,أنثى,1444/3/15
24483,عمرة,ذكر,1444/3/19
22215,عمرة,ذكر,1444/2/7
11821,روضة نساء,أنثى,1444/9/2
28111,عمرة,أنثى,1444/1/10
4602,روضة نساء,أنثى,1444/2/6
16246,عمرة,أنثى,1444/11/10
536,عمرة,أنثى,1444/11/24
29595,عمرة,أنثى,1444/10/4
6904,روضة رجال,ذكر,1444/1/13
964,عمرة,ذكر,1444/11/29
110,عمرة,أنثى,1444/12/11
18765,عمرة,أنثى,1444/11/13
29333,عمرة,ذكر,1444/1/4
121,عمرة,ذكر,1444/12/16
23074,عمرة,أنثى,1444/1/5
20286,عمرة,أنثى,1444/11/6
27305,عمرة,ذكر,1444/1/5
6596,عمرة,أنثى,1444/12/30
124,عمرة,ذكر,1444/12/19
94,عمرة,ذكر,1444/12/12
8392,عمرة,ذكر,1444/12/28
63,عمرة,أنثى,1444/12/9
38234,عمرة,ذكر,1444/1/3
7798,عمرة,أنثى,1444/12/25
5201,عمرة,أنثى,1444/12/22
5,روضة نساء,ذكر,1444/4/27
12,روضة نساء,ذكر,1444/5/10
70,روضة نساء,ذكر,1444/3/1
19,روضة نساء,ذكر,1444/5/20
5,روضة نساء,ذكر,1444/8/1
62,عمرة,أنثى,1444/12/19
2,روضة نساء,ذكر,1444/10/8
20,روضة نساء,ذكر,1444/5/13
1,روضة نساء,ذكر,1444/10/16
14,روضة نساء,ذكر,1444/6/3
19,روضة نساء,ذكر,1444/5/6
7,روضة نساء,ذكر,1444/8/12
7,روضة نساء,ذكر,1444/8/16
11,روضة نساء,ذكر,1444/9/21
10,روضة نساء,ذكر,1444/1/26
1,روضة نساء,ذكر,1444/4/4
24,روضة نساء,ذكر,1444/6/5
5,روضة نساء,ذكر,1444/7/17
7,روضة نساء,ذكر,1444/9/25
37,عمرة,ذكر,1444/12/10
15,روضة نساء,ذكر,1444/5/12
5,روضة نساء,ذكر,1444/9/5
11,روضة نساء,ذكر,1444/9/11
2,روضة نساء,ذكر,1444/11/13
6,روضة نساء,ذكر,1444/2/11
1,روضة نساء,ذكر,1444/10/17
1,روضة نساء,ذكر,1444/4/19
1,روضة نساء,ذكر,1444/8/24
1,روضة نساء,ذكر,1444/12/3
1,روضة رجال,أنثى,1444/7/9
1,روضة رجال,أنثى,1444/11/8
1,روضة رجال,أنثى,1444/10/25
1,روضة نساء,ذكر,1444/10/19
1,روضة رجال,أنثى,1444/5/23
1,روضة رجال,أنثى,1444/6/8
1,روضة رجال,أنثى,1444/10/29
1,روضة رجال,أنثى,1444/9/5
